"","obs","Y","X1","X2","X3","X4","X5","X6","X7","Z"
"1",1,7.53468627350869,0.415706638951746,0.530807708798532,0.222396542257289,1.15926335801297,2.45775557668931,0.943860104684499,1.87144060739107,0
"2",2,19.6119339443169,0.529357170600105,0.933957025567779,1.12105946395126,1.3350073745155,0.309688333246174,0.51909695591478,0.241806476747067,0
"3",3,12.6640502917976,0.484975887076279,0.721098763732412,0.462902717051852,1.03341380740264,0.949280967338338,0.366408959272842,0.350244513207537,0
"4",4,15.6002885004455,0.827545620179595,1.04571370772477,0.969904038737839,0.904509908252082,0.910791403177347,0.429984672864639,1.00079012138739,0
"5",5,18.6064982648236,0.519036313096773,0.780240030689745,0.61421879051416,0.372974330448362,0.503812606247726,0.35754718715828,0.590615615784129,0
"6",6,18.5258905196895,0.400949138997626,0.863988597702531,0.550184697002268,0.901101645985963,1.29076149716744,0.799041765241002,1.50970387700076,0
"7",7,19.7876953093694,0.99765998856304,1.00472843276068,2.05068596205578,0.614587461092537,0.371064566418856,0.418914921496293,0.37714701648731,0
"8",8,35.6727708747232,2.965239200377,1.97120938699171,3.41940448363719,1.26899476271079,1.10404076093979,0.931942072140534,0.707111930408209,1
"9",9,22.3134636021759,0.533887255143336,0.523557691791437,0.449514666675445,1.55013470707287,0.402403427428088,1.25351343478197,1.94547552751169,0
"10",10,0.352656972581454,0.0875227046472317,0.3776227073953,0.142226815566301,0.35475726103604,2.42873156263754,1.81109310205512,0.120227226406012,0
"11",11,18.7369720977864,0.399863962035552,0.476662635780096,0.183702992126593,0.382061366886972,0.27859980146741,0.270484141480234,0.573082714849254,0
"12",12,21.4972400143659,0.337344899247155,0.682954368243534,0.504683123584708,1.34017491066012,0.224172589530375,0.629335621828841,0.532261572603435,0
"13",13,35.5009146655643,1.0946904297896,0.631454470988262,0.772581825241463,0.534093858908861,0.682734932205366,0.333971869745131,2.2989709977559,1
"14",14,20.0821578220256,0.554186391970204,0.761163878531986,0.951866603870282,0.314698890556034,1.26812881697905,2.36663657196934,1.61904397652094,0
"15",15,15.8608223217684,0.357559621535247,0.897486726775306,0.62032782258318,0.80378420268221,0.930721670758237,0.922654837657147,0.390662624819736,0
"16",16,8.00840475844951,0.0895064064633911,0.336992174388346,0.200458527086789,1.36059509159255,0.454409955678005,0.282630058667115,0.0805324575037169,0
"17",17,21.49137426414,0.758140346733305,1.00469639583953,0.687414681973676,1.09586790830786,0.535228554474942,0.877277173747155,0.759330499347483,0
"18",18,12.2658990010095,0.412760607473081,0.824062144894551,0.221766154941606,0.329392126385408,2.01227133407976,2.03807032140692,1.19424997158143,0
"19",19,43.9226822304379,2.03662179604112,1.54491318423102,1.97674391009445,0.473065470411576,0.651162307766661,0.843829899959456,3.1725714348399,1
"20",20,16.5772421670715,0.480155714101302,0.790351723160842,0.756817293373017,0.771429947641025,1.32433518771923,2.498587864319,2.68556859182436,0
"21",21,13.3912221459442,0.402805900778268,0.510826435538641,0.756571350606755,1.38925607394368,0.931227086383379,0.782703572335305,0.380217351797388,0
"22",22,34.8829204753594,1.27598623344757,1.2495499662657,1.41593210465523,2.22963815947211,0.963154395073351,1.49556225729682,1.97004638676402,1
"23",23,43.9227212640442,3.56918152688969,1.9299353400399,4.3600254080784,1.93286922716035,1.19343254013634,0.565517426258075,2.58629010978993,1
"24",24,42.2709565487618,2.90315192583365,1.59609400990748,1.97530888338475,1.19118187676893,0.699475584147183,1.19685284958288,0.745879383597116,1
"25",25,41.5932175015483,2.55906296424351,1.09160833863548,2.40767361654493,1.35297135763601,0.956388933208994,1.43590433859944,4.88554398126644,1
"26",26,18.5188632743115,1.07649407172632,1.80952798779871,1.46172497200275,0.974205315074172,3.48753616787776,2.24677196716095,0.399043371162525,1
"27",27,4.96198525204107,0.918019542772145,1.02711679649396,1.42222060970534,0.722093074666668,4.70452646671773,1.95193552903501,0.204106790759754,0
"28",28,23.0381684454417,1.07949727471352,0.850471360232411,0.90911473230269,1.36733714335692,1.23705278607414,0.496292849078389,0.0924603133602634,1
"29",29,19.6841493346124,0.520062898059891,0.660220048178022,0.717909607496026,0.893243163126491,0.505763251215484,0.43888642867343,0.880825288348967,0
"30",30,10.8703034888498,0.870966013995545,0.819518898514517,0.480267417095058,1.13154772059546,1.53670887122171,2.33502822385396,0.306950285513526,0
"31",31,9.83668052867527,0.149634519475724,0.687389077849052,0.431623785957195,3.22856466829909,0.4651988382993,0.862386241645055,0.182315859975215,0
"32",32,11.8184998383609,0.974578800681735,1.0444292369681,2.77686118185055,0.576351892972786,3.34701543095593,3.49790602810275,0.876432457213559,0
"33",33,33.7338715686092,1.08958682070383,0.980969378235889,1.73942952269867,0.758102523578193,0.376620140145291,0.448827741093288,1.09698829934388,1
"34",34,24.5296739969462,1.08775609706785,1.30449268969549,0.932391062115463,1.20723147860422,2.93977943260873,2.36119649107587,1.12890723709388,1
"35",35,52.1321418440361,3.51301004370988,1.13316037916808,1.8352405082914,0.929228975727052,0.188925287706596,0.410816836217586,4.46489561794394,1
"36",36,33.5020276632697,1.45018962264169,1.19081760332766,1.0091415935318,0.475660330248152,0.734564822844867,0.847356773210679,0.970448544326952,1
"37",37,42.9290554942734,1.11799451793179,1.08812817713776,1.65284606007886,0.74921956302202,0.248310320692587,0.172079340628629,1.94418251864237,1
"38",38,32.0050046370878,1.7927018754489,1.36374085949649,2.60623696577835,1.83260750905849,1.68953789951037,0.897930634447108,0.972228678454662,1
"39",39,34.5043324694609,3.18583236862064,1.82817293086775,3.31729728651651,4.3064480240991,0.978032566299067,0.604136134379584,0.921966468857111,1
"40",40,21.7885084094644,0.459090428450981,0.898160432385209,0.834350894596525,1.23587702807327,0.602372599999312,1.11324372493394,1.67738305332961,0
"41",41,42.0344458127391,1.13778142989617,1.26226818851395,1.48070677926153,0.410814289896535,0.200651076193057,0.725710974187279,2.70626905955826,1
"42",42,5.56017705118543,0.34222699209595,0.525959334003572,0.1867477970462,0.660527449599867,2.53857396504111,1.80253316255941,0.188046492893501,0
"43",43,12.8272990086757,0.352034174629673,0.428378775525733,0.352070034917053,1.19316632311405,0.208373843070684,0.41646913586482,0.0536204392776358,0
"44",44,12.2974428704533,0.299622679364737,0.493841296983699,0.407299549815859,0.562729034061185,1.25104236304898,1.92757879239164,0.957615921797347,0
"45",45,11.961491390866,0.696835873622362,0.766465499135786,0.744739198310334,0.972471465330052,0.615291216666024,0.720733076414629,0.574769300769656,0
"46",46,41.2554427832127,3.79150580229308,2.25090569006405,3.61175372110573,0.920783272429744,1.87508906440625,1.78458076509117,3.78474118189344,1
"47",47,41.8338676264807,1.8807899214404,1.24808541855161,2.03074841513947,0.967225089757497,0.835263775497355,0.975273967290577,1.22248002142707,1
"48",48,18.6108737428102,0.971123987611638,1.07882025046742,1.01116432306239,2.26490985945162,2.57442370998958,2.02208326328432,3.80221617972234,0
"49",49,20.5117792022064,0.629819074593125,0.721701113122296,1.34753357490232,1.21222284626117,0.382992072430326,1.24481219607905,1.0545631940511,0
"50",50,28.7695568340636,1.31461840100289,1.43243997211884,1.32038727353401,0.841837777674126,1.83878516223789,1.35800479771538,1.97571311098262,1
"51",51,15.8529740532656,0.529084384383046,0.846497136044921,0.853015378622356,1.47949732930101,0.273782648361473,0.278762465278987,0.463326726808988,0
"52",52,16.9883717067285,0.879125544186757,0.922645705354534,0.555750328719609,1.05479881090554,0.55533282546192,1.20747493644979,0.138806657134643,0
"53",53,19.4697185050486,0.773092575777942,1.18032194100254,1.14302513868463,1.96278764021933,1.30199985784306,1.69665089379705,2.52733502965286,0
"54",54,27.9679872002436,1.18395479642664,1.39502443052939,2.47012731224418,0.983025984554977,0.251196502738468,2.32276046193915,0.0860119411802195,1
"55",55,40.3074030896745,3.91915655964041,2.06288483260608,3.43276273842607,1.20311940824491,1.00182071026448,3.99179098226408,0.776220229627006,1
"56",56,32.4577512674831,1.62252037762571,1.48535766904851,2.82532769229518,0.724385278159665,2.36785375458424,1.37845577044973,1.18263082376071,1
"57",57,39.4160160142591,1.8594139750419,1.39399015189886,2.25646506784779,1.01566745042645,1.09051706139847,1.11717493405438,2.30351255659223,1
"58",58,32.489787458324,1.82410734305043,0.767868700961646,0.908151682772605,0.595790899853556,1.28348353439049,0.361546059453288,1.47946925788138,1
"59",59,15.9118446188812,0.19713806733223,0.431017636904221,0.157000078510089,0.36622098215375,0.426220316838813,0.343036353799305,0.397496254098195,0
"60",60,17.4663278533793,0.688063159508929,1.48848893535245,1.48158208856582,0.879650858528458,2.68512259455137,1.63958848163066,1.20529378955264,0
"61",61,7.23855969374025,0.272071376311964,0.490504376474411,0.291994007510814,2.15806567148974,1.29361518720192,0.260795963648617,0.0922096404380812,0
"62",62,25.1609375224782,1.17048962492174,0.989490476755431,0.762892595941636,0.968689673880977,1.49881574436835,1.81227730365623,0.297083635064874,1
"63",63,28.2984234041171,1.91544695858346,0.758784737221895,1.16381849849277,1.01183605768175,0.983856971569645,1.22466617648348,0.458310717775263,1
"64",64,26.9772016768569,1.28454435078872,1.38071527824652,1.97784063274116,0.676105422747079,1.71944866634418,4.5969170494106,0.654526689021321,1
"65",65,31.4014779057579,2.82932420707375,1.56837721106738,3.09179019700158,2.24151828736518,3.49042896425522,2.06722436059628,1.36816357340273,1
"66",66,20.3543532679069,1.47819842094409,1.43914044967282,1.5925664291609,0.878525993021776,2.62748842069398,2.19803888947838,0.239196026090038,1
"67",67,12.516047955015,0.624199401598415,0.703118888790739,0.801274564879984,1.80729844606353,2.41623270262094,1.19802483496793,1.18882047330468,0
"68",68,9.6892237199667,0.463099638257973,0.898867215026183,0.466859244003079,2.4590100582495,0.521392020349421,0.282096370631365,0.239781216753398,0
"69",69,43.7115560028231,3.26280163056271,1.70041583744221,2.32986240920867,0.924798501937997,0.496827874513315,0.491255810357329,1.35817446351341,1
"70",70,24.6338243504226,1.21465772529516,2.46693943073522,2.35721530804322,2.41903323640464,2.54503161016661,1.82526630412016,1.17204866861334,1
"71",71,42.6851951913556,1.57680639305769,1.23565817173941,2.16294832438099,0.881475325493934,0.133946428347121,0.554650850858201,1.98367908864763,1
"72",72,16.6199703895882,0.627730738302758,0.982609052003137,0.984331555432308,1.47513739218423,0.518234979148658,0.253057535308254,0.30175272983841,0
"73",73,14.6293968221432,0.462750929284743,0.763414265937524,0.791633992378716,0.33652883863662,2.18357369899036,1.90832199489166,1.94985303756067,0
"74",74,5.64393693653227,0.261407959508418,1.16304568079532,0.799096102656756,0.457464253806124,2.4031845023579,1.1777957015446,1.03208422447916,0
"75",75,17.4818047842596,0.267377621769962,0.397916548361015,0.203105930468286,1.10465379542871,0.599365976610634,1.51113830200496,1.19868903492964,0
"76",76,23.0162834709082,0.981524209330971,1.11151279239435,1.04230792831452,0.984550504635261,1.15034374729844,0.742103676921069,1.29838643385178,0
"77",77,31.6842456383274,1.90247139895049,1.14294569726898,1.58930355358333,1.19230117615391,1.33685320622028,2.07896201229571,1.95633789999018,1
"78",78,19.5102252762785,0.986443669807067,1.15553030746661,0.97347112148524,2.79196127793115,0.407639648178481,0.541399596399225,0.533935859839863,0
"79",79,13.8141591543978,0.546454134833451,0.53991338532796,0.608471186476815,0.259396070244641,0.943233069731101,0.855704984720348,0.449594132222637,0
"80",80,29.4083246870464,1.11412795519833,1.18272769948619,1.36764058928623,1.88831792430471,0.325057181413116,0.919417040234783,0.831884296214155,1
"81",81,31.5516889974904,1.63282161369751,1.31312301918501,1.44840167752787,0.379858337519295,2.88438254303815,0.768938989267816,1.17216985954443,1
"82",82,40.1453212764401,1.48497527680247,1.08134132347828,0.745919640371183,0.23517227616609,0.482149967635927,0.464171812275914,2.08970088441279,1
"83",83,16.2766773322518,0.220684784077367,0.318088458500282,0.135429698618717,0.377940585555615,0.235555771782905,0.297827961424967,0.615286497713194,0
"84",84,21.1342654831038,1.32414661323287,1.05622788788645,0.704484916103092,0.893263666678509,4.71601652163768,3.27013891925429,2.10755379413981,1
"85",85,20.1634947542779,0.901061000521378,0.851702942247582,0.6287289107719,1.21935567431247,0.332522328788722,0.333074234835599,0.562100319030829,0
"86",86,32.9091013813581,3.54880086583593,1.73851147473002,2.48672930120533,0.27021819895837,2.87748037890342,1.11437492134459,1.09547495562356,1
"87",87,17.3649778376695,0.342584159055774,0.661010160814664,0.24722743832849,1.3243121731296,0.2366280846654,0.254120618458656,0.620620398616079,0
"88",88,11.537093840479,0.618656425203783,0.723639623782433,0.302750542818852,0.715781254593288,3.07760724087427,2.82859048095575,0.655614899832825,0
"89",89,21.4040894158456,0.33816687255127,0.717034474368531,0.269703614329935,1.21319178545999,0.252299383208923,1.14069696578633,1.01688657158857,0
"90",90,6.17304937877784,0.256173228459979,0.54209655856424,0.489497090820379,0.48664125458932,0.802213320055059,1.01467557449685,0.443835423165842,0
"91",91,38.9918553525817,2.59571136312487,2.09318057387442,2.95395812982009,1.35777097629713,0.574922255698866,0.624176824887374,1.13997919417225,1
"92",92,36.5669345406509,2.40580351926854,1.37838457628159,2.03575199406317,1.65358813248615,0.902744743454454,0.638853776793735,4.79957623702728,1
"93",93,26.7676316535621,1.18256503584023,0.923751545401817,0.983228576181437,1.23602025846324,2.22826158474935,1.09870968768832,0.55077224005718,1
"94",94,15.0899369955579,0.591216073096075,0.733696174610992,0.734985804206234,1.11606164536559,0.73600713251181,2.28038843226034,2.33480402488879,0
"95",95,13.2051958682476,0.207378439436469,0.551017596478043,0.420655291118882,0.697857315711847,1.01711007496757,1.09238623716495,1.62966141884805,0
"96",96,31.2137901772089,1.78693187727645,1.51871846259584,2.75565569355889,0.741200540823755,2.54818325420664,0.858155643903179,1.51505340063778,1
"97",97,14.568072467076,0.905802478723687,0.933830388870971,0.483915417647904,1.77812331774926,0.719800492157616,1.43824231622385,0.387305387159877,0
"98",98,10.9856906212075,0.276741438129675,0.50457076970245,0.32035280064147,0.492571081429671,1.66737554411965,0.947269728240746,0.248184562811868,0
"99",99,24.9273382613769,1.40435273789109,0.717072470753172,1.38333851417709,2.11026865844056,1.69737871836267,2.80249459736307,0.405624136444153,1
"100",100,35.7163207550806,1.56554833943289,1.29484526881879,1.08513487022712,1.17433479609436,0.66615916065533,0.563657045636424,1.43102719922053,1
"101",101,38.8356961677859,4.60613022584951,2.30089628403534,2.35139614443036,1.38807663166821,3.09774427620325,1.36366484510974,3.16788877087627,1
"102",102,34.925602056779,1.48875830766257,1.98690319146154,3.14821621536616,2.07650569631245,1.49090817062789,0.812047268720145,2.79077940868245,1
"103",103,13.134663469767,0.120158898486643,0.320085626607176,0.0727989100193249,0.670938691259438,0.256457318958781,0.806750023535427,0.343836533168987,0
"104",104,24.1605927107948,0.954282870057096,1.24615350746269,0.660423891221308,0.618059571106507,0.513999057319352,1.64402682728633,1.20354554997583,0
"105",105,30.6156074798808,1.11253271809141,1.03978428403521,1.47315208390399,3.27719717576978,1.75499153177228,2.92932019130951,1.93049213446248,1
"106",106,25.0770824356042,0.056647521485557,0.243109011822959,0.0375458315069526,0.399750469155173,0.15896262386453,0.298186256262798,1.53289079041326,0
"107",107,11.0895575325436,0.430566176478742,0.709541998537458,0.466320903115743,1.00135036021479,3.70799980145612,1.86050362572527,0.81623509289486,0
"108",108,24.6633502701897,1.29854196448717,0.843072462388552,0.468709594715753,2.62987029672311,1.72450048677269,0.679115843578578,0.141662099960509,1
"109",109,13.3549427723095,0.32923770743858,0.729636795754733,0.445240676955491,0.381763950440777,0.56921608097185,0.859680530661126,0.481951469894866,0
"110",110,41.823662621051,2.9351333201625,1.48372120178735,1.47301965668286,1.80960002489681,1.08737409313458,2.30269846596417,3.97760839768385,1
"111",111,10.9685634263287,0.500716915126546,0.482356346366054,0.61278106845898,0.405240046074707,0.580530442398351,0.483809406397661,0.125876188764039,0
"112",112,29.7178974844744,2.44777303759831,1.26247960773385,1.78989318706784,0.850690728569717,3.7899410428611,2.21738247254411,2.56892084507814,1
"113",113,35.9010856737941,1.10779457049786,0.669904913317787,0.890516717002723,0.860669766473856,0.336280533023404,0.407087465108335,0.490069205599578,1
"114",114,10.6680481375346,0.535542967754374,0.513226334305014,0.402662884126466,0.616407120182414,1.28297952548244,1.80450709800499,0.521116961638239,0
"115",115,17.8622126984421,0.377255864173422,0.563747657815326,0.539800073915981,1.18087529616605,1.17344866668868,2.64036534745448,1.44271522355564,0
"116",116,38.0878964502792,2.18421268660997,1.46866783502932,1.53502489376918,1.41202902895402,0.182091123693326,0.132912261504961,0.734501374623132,1
"117",117,12.8425163549608,0.232342688613461,0.563839518678684,0.268284294031958,1.25756185675839,0.455927897241093,0.243261880404512,0.233406841805685,0
"118",118,17.513826300801,0.859508863860755,1.6639003327963,1.42953110145719,0.987846021361089,1.10756414302577,0.65888955953132,0.763386081950299,0
"119",119,33.8076542452418,2.37841982082776,1.66802709597246,2.01123364829768,2.30546299279812,1.31990270733105,0.938312847376408,1.22499052541411,1
"120",120,20.3272807077527,0.833130608849751,0.901489201989236,0.686763222448569,0.851184845993015,1.46389745463213,1.54775197045565,2.31910055727491,0
"121",121,9.9599685655789,0.473666801120331,1.29967912181899,0.902835191753759,1.40996288777259,3.29513661891001,1.15416403818215,0.286810775809208,0
"122",122,12.7161588623497,0.147483544425355,0.471986518296976,0.119448994345773,0.501517148489668,1.17043512786898,1.41834413619356,1.11744828383239,0
"123",123,35.2548741622623,1.9559640710552,1.91540972095159,3.32129804638057,0.540035333062948,1.46910319156585,2.07406121956203,1.24842766109587,1
"124",124,20.8589983436317,0.426000553783324,0.481806767880477,0.387114942717115,0.512919857913278,0.40917832739951,1.05840666390243,0.683798052868215,0
"125",125,17.4103165995084,0.442148077657214,0.643317355029509,0.300863250534885,0.812875202254058,0.426304734191958,0.245162913867435,0.139902559129689,0
"126",126,20.3889761078275,1.50188396399675,1.53253231254203,1.25849202080892,0.68939208712068,2.88595191276093,1.80648723685817,0.290093036962996,1
"127",127,24.6790868598176,2.54735353676311,1.82473906714639,2.07217370025942,4.20124157140074,3.9886894540453,2.49644787591997,1.43113242386298,1
"128",128,27.9018913973584,1.51135902614178,1.27313564633943,1.50510034551172,1.01500082147278,2.88789667056554,2.21227900185845,0.967151827684778,1
"129",129,36.1408879571712,2.75071235274265,1.41428553302372,1.29030717251782,1.1940760084687,1.10694656809835,2.09703310415224,1.03331382476228,1
"130",130,21.5489727879239,0.278192985521566,0.596075696993004,0.310137778515862,0.670084999871202,0.2966503675827,0.511837616009204,2.67061243926579,0
"131",131,13.1760480283938,0.9396321924018,1.02096799255791,0.804233696650668,1.88578948634575,4.3115024170047,1.56470303600375,2.12955929135561,0
"132",132,18.7970651439917,0.386127265978707,0.550129694105099,0.694265196612105,3.42070531105073,0.0495222918668941,0.0779811322940687,0.373829432479541,0
"133",133,23.5475176809343,1.42897799876304,0.607945527356238,0.663234521802305,1.635778961982,2.16946028658264,2.60525084454483,0.413007660210543,1
"134",134,13.1598837237051,0.258177003051896,0.479551616552252,0.283337711029544,0.82319318001976,0.318584280368704,0.624103208684569,0.345534252462036,0
"135",135,15.9786081477018,0.165015417149479,0.401755814764557,0.120742115171597,0.233816865701894,1.5751878984688,2.08621402084857,1.5981230363713,0
"136",136,21.7837859248266,0.799706704553744,0.89661588897447,0.752673247585978,1.42820444542625,0.913206769917708,0.71653105015544,1.83131886556505,0
"137",137,18.7196606223826,0.634081143575928,0.724412268410515,0.479405414554224,0.462623521297376,0.449820783585908,1.6269146315138,0.695436549660326,0
"138",138,47.4323207307102,3.20767337571984,1.38726688898695,1.69137522070879,1.53571555995782,0.264683519488754,0.735498441750641,2.47318524758367,1
"139",139,16.0923120409471,0.165700903050529,0.493300027482407,0.251850559754917,0.899911918053919,0.709291003293476,0.529585851988132,0.483833542531421,0
"140",140,41.7299694317404,2.44982297144793,1.56190502920961,2.08915067522289,0.595212397961316,0.632614946299868,0.28669684085474,1.54089181223252,1
"141",141,16.1197139768007,0.558700324268742,0.487774635521337,0.374001397475759,1.15945392818143,0.825178973967522,0.612950369258566,0.27644785596412,0
"142",142,26.4083288404244,0.70302653930442,0.998136743010795,0.883755561153995,2.0795979922654,1.06513233802,2.26952843229817,3.59575828225123,0
"143",143,35.1994434120559,2.91745854696145,2.12163952939658,4.56480635485678,0.71242529568101,2.64505090297005,2.68205625279522,1.89524947856666,1
"144",144,28.1895787431639,1.31652436990457,1.22142166311707,1.13942406548655,1.363260410148,0.758226390468023,1.08940026165774,0.480428007652687,1
"145",145,12.6037536491974,0.386040630462729,0.724576945726965,0.618807122505662,1.46648158050204,2.10193779120403,0.671243569415113,1.41673111039315,0
"146",146,17.9030678930122,0.305781868902527,0.496996338371296,0.279852557612313,0.370009072666365,1.01072651796944,0.610570909620473,1.32855909135633,0
"147",147,12.1862816245227,0.247080711828932,0.475955996961507,0.159907697270688,0.800696830574593,1.67465231036909,2.8191798774075,1.03989365495349,0
"148",148,14.4214252430653,0.845930965585002,0.888472373437571,0.490783386052147,2.18403531197326,2.57702982885152,1.69814272203214,0.726123103641308,0
"149",149,13.231127418545,0.1993819264199,0.465028527456822,0.117433250002902,0.576585708607381,0.659461425935571,0.735547971753021,0.464549715695918,0
"150",150,34.792818207994,1.45182693231573,0.907783337658087,1.19810940924749,2.87916822006931,0.810087044232479,0.618772257201895,0.792037737286729,1
"151",151,16.2910047858978,0.351880430391347,0.580918596385597,0.327517186955446,0.873366543638711,0.598247654498487,1.03375302191417,0.677101996135299,0
"152",152,22.2475317490529,0.40732265782452,0.920931431788706,0.698818406481531,0.608474862224739,1.08674362822165,0.907064367437412,4.54241751975951,0
"153",153,19.9265627226586,0.793393395443036,1.07953613554892,1.20498484443112,4.37830900942626,0.141107696402516,0.259077748442887,0.920360209421409,0
"154",154,19.461440513872,0.269139943595877,0.522848678350372,0.258493661667024,0.475023328827972,0.0499643187444708,0.296091639960633,0.148866712249252,0
"155",155,16.2015295791744,0.562853922795452,1.05705371682567,0.409491410275073,0.277920253109724,2.08486138645716,0.896410827236445,1.23604839362728,0
"156",156,28.6426730984485,1.16208159847281,0.87448900986212,0.573966013654096,0.531971371917666,1.13636307379398,2.03650915506384,0.77280035800758,1
"157",157,41.1954502540884,3.54518204354763,1.31527748874658,4.09001654561718,1.87995851963032,0.618097222027689,0.328504795370711,1.32850981092629,1
"158",158,20.6144668707595,0.25238076807437,0.417169281787253,0.20409218226312,1.22277646220763,0.119369581001806,0.372622658212909,0.695178775790205,0
"159",159,24.5519987306846,0.555971473671239,1.2420729976783,0.7498742280658,0.805140926715357,0.620017472731154,1.71011937219103,2.93518210846459,0
"160",160,19.7630821221922,0.380304293388533,0.528220927558724,0.421742257434705,0.3980854068717,0.436208013934829,1.01538257620657,1.55872401377871,0
"161",161,12.6860334396531,0.233695714571205,0.476404367363629,0.246624627246166,0.180622549381516,0.667604952723699,0.610376675255067,0.209127045609814,0
"162",162,11.3938478795731,0.084560112316467,0.339483378751103,0.164528368127665,0.46133385007836,2.47167246084723,2.4622342775285,0.438328288333243,0
"163",163,8.21651129282607,0.196864417219989,0.334710313902453,0.170647031314215,1.44376192001788,1.08759022352021,0.783220162833687,0.315334181044308,0
"164",164,22.0104103258647,0.569488504593593,0.622431900869937,0.557115427477929,0.867859139597541,0.212837097497861,0.540395509981392,0.779726973844938,0
"165",165,16.5175927773749,0.14775921317991,0.525096119675599,0.168701921133889,0.368368502788009,0.529164001266886,0.621024016079866,0.539057345239397,0
"166",166,18.4270788533082,0.956872371273931,1.27078912870196,2.06865878006836,2.26459410684376,0.52415340745102,0.966435884848468,1.05162954175361,0
"167",167,22.2729754556792,0.755735458729942,0.853227733869477,0.780585097233964,4.01082745377451,0.14086375538392,0.427800271023571,1.06340211728297,0
"168",168,17.9708717239246,0.332318859246826,0.640368593019613,0.643398404525719,0.534786299453785,0.99278739835211,2.42979695892167,1.19589281173711,0
"169",169,28.6977342773765,1.1479205542783,1.54930519558979,1.55694381945183,1.38461653896534,1.86039113732865,1.54690740316274,0.670488915010772,1
"170",170,29.6238519804405,1.73011322302929,1.24002663103146,0.846501096757145,2.25699940250629,0.280701309649711,0.191865845299674,0.402433029065215,1
"171",171,11.4104941028908,0.379297546703505,0.480873620958407,0.196004683662961,1.5772607348043,0.688428489897123,0.853882177479492,0.205284826928381,0
"172",172,19.8619501042658,0.621999579706963,1.31863400756066,0.865114940546853,3.80019134857466,0.250517599099989,0.385529267436688,0.577081866828326,0
"173",173,41.0855984038199,2.50637882986171,2.29029042853564,4.4379267246735,2.9711583756211,1.02967229477476,1.37288091769455,2.40272894256358,1
"174",174,18.9277599486883,0.182324215546391,0.501081129395199,0.298860865407812,0.421533644863373,0.545725652572847,0.3627473539503,0.707136105366278,0
"175",175,42.9062168254458,2.8132489518577,1.30996248122813,2.56634175772578,2.0703163185219,0.45394092629277,0.516690593742157,1.19349538677014,1
"176",176,12.3673092181289,0.188568872937959,0.285133949211047,0.18338300817983,2.24388254293907,0.411043208922063,0.410203847605426,0.297004302669065,0
"177",177,17.3885946705783,0.589411581838525,0.78167130288519,0.705043757367867,0.934102222440582,1.1786160025724,1.428314968016,1.24217025075912,0
"178",178,33.6434518803288,1.4709728409076,1.00855008100768,1.17233013859875,0.701965253691874,0.77771545823014,1.44608065035642,0.896395707402814,1
"179",179,30.8982288490294,1.35288239933671,1.03046610323206,1.61983417278486,0.634338615642927,1.01992634131733,0.930359423148312,0.517682616991605,1
"180",180,13.4293447527795,0.696344464905969,1.30775351756964,1.71117768036509,1.52031851887591,1.89719701883305,1.39915218838301,0.886516226095539,0
"181",181,22.5094367237651,1.10285813158718,0.788014375254117,0.709518924188789,1.62997767569309,1.21585873026416,1.56131716436888,0.43874296976333,1
"182",182,11.6227062899675,0.523611892403907,0.91081686195779,0.626692985584888,0.867165771440439,2.23819535266881,0.853193978331226,1.08917199890702,0
"183",183,14.2436684179368,0.487981762707827,0.976323150122847,0.327466682477807,0.333378037249797,1.31419288867907,0.72653101491973,0.450458938190807,0
"184",184,38.8402920757278,1.71813917028256,1.31419175754374,2.30025895694844,0.982732221432658,0.874156675225374,1.81056252760651,3.36183220280029,1
"185",185,18.8226640638534,0.924102012663893,1.16741731707203,1.48360847448867,0.757717044439433,0.892746901202293,0.411336524054578,0.344380455543402,0
"186",186,41.5732575688567,2.11403230253908,1.34955906336419,1.62323362404922,0.635419930368427,0.976061093597857,1.93236490137233,2.2803222840793,1
"187",187,16.6631792005252,0.132991588828416,0.531975392439273,0.143182035668574,1.03843792735255,0.685592068142454,0.577585440483561,1.9560282879858,0
"188",188,20.8201671833284,1.12079458003477,1.36959440648003,2.28089586734447,0.739544102603547,3.34024426592036,1.93099959980146,0.399467061674675,1
"189",189,42.1724543927692,1.79607184786591,1.17830737967755,2.19567591479097,0.961195336055283,0.50347707342163,0.675957401658449,1.62826245270461,1
"190",190,19.0422487515596,0.450619000935556,0.502404452556046,0.381108960397924,0.427561717724691,0.92148200703578,0.955930584103764,2.00728018753563,0
"191",191,22.8149972849124,0.868015856876655,0.934101865789914,0.516417081550234,1.16240229510898,0.429794124870969,0.527105194015887,1.52616838361567,0
"192",192,20.7800401687946,0.443245731806923,0.562136186814695,0.741456945513902,0.80401494003855,0.317893958010641,1.32392826828152,1.2810448217065,0
"193",193,13.8886244076796,0.58778992031896,0.971870336446547,0.730883210678212,0.667196351263143,3.40590352548566,1.09738808280416,0.732256885693709,0
"194",194,30.3363961631252,1.86626101326007,1.47328095796831,2.3862316908733,1.46228669727503,2.51035345645416,1.97281464360109,3.48511457457066,1
"195",195,31.0832123501249,1.62457071964592,1.14553857613945,3.73898665326605,4.12083773320454,0.700731971461087,0.518604581127208,1.9973608268748,1
"196",196,29.2520959479658,1.24046623189605,0.926347093417645,1.26014712671178,0.27686228425083,1.48182663746516,1.29181351826267,0.764163993545411,1
"197",197,11.3065761767863,0.350777423028916,0.427226729894238,0.188026542056718,0.745600595093046,1.30183944822908,0.669772188064355,0.292860082960755,0
"198",198,28.4140854569114,1.51595047562627,1.33035560161934,1.32941209347312,1.19486618550101,0.604539134888909,0.684987819656124,0.245434356214794,1
"199",199,15.0167161522034,0.390337185929424,0.780008320452563,0.725548285391488,0.822796981523084,1.41056117961847,1.01321536146643,1.17470601271385,0
"200",200,40.037828414487,3.81052539474971,1.43121494588742,3.52621889916509,4.65224413540556,0.0911445430946503,0.0800549580559682,1.52457120092397,1
"201",201,10.9805731109521,0.387599843756573,0.740783142442185,0.515935381760473,0.515939964884431,2.90152639594615,2.54111867346117,2.60034349757151,0
"202",202,29.4251450209337,2.67815777379608,1.98084004040703,2.14301189674528,2.13740846620943,2.67022892790222,1.21513143655093,0.682495980976703,1
"203",203,23.7012875883597,1.2650716175421,0.918931280196176,1.00283801334785,1.12828546981259,1.2186011483948,0.607821353000807,0.412308499574627,1
"204",204,13.2409638495147,0.5799702540011,0.710978928273652,0.428784165256224,0.616363823965294,0.4478560577618,1.25996362440269,0.399634541039528,0
"205",205,26.1285764775338,0.578010149302313,0.834009684568169,0.60147743345449,0.567393751442552,0.786562686018948,1.90930379909832,2.16571923538557,0
"206",206,7.70814152092565,0.318534783573768,0.739174509082704,0.418997169996278,0.538325227504683,1.95589875673539,0.921551267151772,0.213852321071685,0
"207",207,27.3360277924957,2.25559307813843,1.4609516016662,1.34442031304009,0.905493245256988,0.46499647146041,0.677332954260463,0.360795170953365,1
"208",208,33.9809042432806,1.5218391940006,0.8104216929353,0.71200091370038,1.3501579530342,0.91412683122457,0.561582557453241,1.03425508848763,1
"209",209,39.0328953904459,1.42024526153491,1.06978026581077,2.06644209041238,1.06554414680718,0.308939396494789,0.331178361897414,0.998786362833278,1
"210",210,27.3412008629477,1.56332168833491,0.668011957188611,1.22209268341724,1.73938861838213,0.559705224843929,0.725863740292033,0.23891949278032,1
"211",211,26.3591836535978,2.53971064435985,1.34704185865768,1.03746051452685,2.33966023731937,3.76704517843814,2.74878631742742,0.766138562290164,1
"212",212,15.0915701492461,0.612004422563454,0.74618247063737,0.504669309250095,1.02191429212013,0.679816091235732,0.419023565066533,0.202064758771332,0
"213",213,10.612052436392,0.827425944603042,0.855985257003167,0.628189040919719,4.22272690574866,0.857748646084947,0.749385524124415,0.66943234336218,0
"214",214,13.0310435364298,0.453951433821028,0.56939484999585,0.36339474469872,0.456770589998331,0.808762118985151,1.29008727727725,1.14119368975222,0
"215",215,12.318324074655,0.303261510742847,0.571725656091731,0.250425743501751,1.15886903582252,0.532259058363852,0.385908639775148,0.402749167506472,0
"216",216,43.5162471187454,1.61465131877113,1.34157508395267,2.36004209853283,0.955746833209342,0.174879544083984,0.828551560785326,4.33884934096045,1
"217",217,17.2271308329003,0.12282836153223,0.354209731873711,0.113807930420944,0.695691674123131,0.594756637651825,0.720740455729171,0.907763289475761,0
"218",218,27.4123301900422,1.14095991125212,1.52325868469611,1.94514638596057,2.47616344458091,0.644515353673629,0.341098281163978,0.441316318318575,1
"219",219,13.8216501352669,0.289333076205499,0.602495273004735,0.32324579916563,0.453574714161376,0.595810789225083,1.77442798334985,0.462777240188624,0
"220",220,10.7684967402383,0.315208590759278,0.694568317699802,0.441429793316987,0.346161975109709,2.04574448360081,4.80478125298405,1.47741592472156,0
"221",221,18.7617864001728,0.658971701736021,0.867022002059406,0.786810929234589,1.96197936453347,1.27175025221291,1.05813310526205,1.33145733216618,0
"222",222,8.70389081163529,0.19859476847584,0.317496742581989,0.378352022168221,0.667801491484749,1.56752428581884,1.54645689966838,0.541618447045043,0
"223",223,31.8819924898951,1.44973007571933,0.882976761256185,0.914149822468534,0.621168796710934,1.95654430868919,2.66036401519016,2.65768411906997,1
"224",224,29.9905600011208,1.31848666731693,1.31796451919551,3.62999048505691,3.10842207712426,1.78469016601719,0.919022225222326,3.49590169469339,1
"225",225,32.7676011239962,1.19049824714599,0.979322498725143,1.03812042840841,1.66659144555735,0.145611560788924,0.379926866340259,0.929314969648727,1
"226",226,24.4576625359635,1.30556184107442,1.24785492421145,1.75886510232002,0.63429843743671,3.32602142329677,1.03266623052558,1.26054001176562,1
"227",227,39.738964320927,1.24841060872307,1.37676149084004,2.85515983674945,1.22935883591024,0.445890940987915,0.270631495553046,1.66056871525495,1
"228",228,37.0020566081086,1.82219458979336,1.51542791068338,1.7708996832583,2.71923845521508,1.14311199114821,0.720886601690247,3.10116473339639,1
"229",229,21.772199695635,0.568451384952864,0.921620748957248,0.753327327357007,2.93926161529609,0.305730642458381,0.254289618021276,0.841456771218882,0
"230",230,34.3306353437547,3.38496865790849,1.64965725479146,2.85987068486033,2.70757010106007,0.150420095030614,1.10232319929195,0.393019126716398,1
"231",231,4.94409030783678,0.140026774089721,0.344965643239762,0.0585239506885478,0.12425625162546,3.56572628516243,0.673430108026689,0.258576637796667,0
"232",232,13.4192481085149,0.581053713948719,0.750151218109087,0.383241910714177,0.495686509187321,0.808496201655059,0.279010828804995,0.187461121587454,0
"233",233,7.7120612519159,0.775191384994418,1.03753519000095,0.511192623837433,1.48103034179264,1.61575120594942,2.93810045822078,0.0946936497794352,0
"234",234,30.5713438218948,2.38443150805855,1.21319240604163,2.45926179976206,0.926108266658064,3.00488475719833,2.35326749190408,0.639354843803034,1
"235",235,18.2009426018166,0.461253660899654,0.596669015174492,0.55779248209591,0.583302041345938,1.05479440586254,0.538886330291859,0.257477804554152,0
"236",236,21.0609282163496,0.805374488756756,0.752802396059951,0.724630599678629,2.34341287203733,0.512776148321802,0.710583101581769,1.05682070443231,0
"237",237,26.8568661179875,1.01395256087959,1.21083420426116,1.22379057465087,1.41003394004042,2.62430565010471,0.8908217692911,1.62766983342139,1
"238",238,9.22591409069231,0.194941950080326,0.308374253595167,0.160266386496491,0.563028437627831,2.02889003226103,1.6348485550029,0.474080829968089,0
"239",239,45.4223893146208,3.4874909468953,2.21922328006412,3.52881891284031,3.31979460970736,0.25441501456298,0.435092330317144,1.71993899147414,1
"240",240,35.1661369246252,2.5783706114857,1.36172644876913,1.95757217505942,0.76968756866801,2.5208865554872,2.41065045328095,4.38156953501686,1
"241",241,13.7622954972322,0.40193605143296,0.714175884067226,0.947920919975037,0.332045286230685,1.264768543023,0.412258972182991,0.623337267881157,0
"242",242,12.2532615404625,0.452815231545816,0.600697052539344,0.410593667675769,0.823194842703149,1.33345126074057,0.626749340667616,2.37737695973845,0
"243",243,16.6281060224259,0.846770440137041,0.727437167667398,0.674023302993541,1.02526135908267,1.18146717850918,0.413229823500605,0.951569221784541,0
"244",244,6.627790734614,0.234906915309628,0.646003738937837,0.282707133953427,0.689037315405774,3.58901331762963,2.48156367520261,0.904122921760868,0
"245",245,23.6741313472361,0.792559517475664,0.99512238620719,1.06498062607824,1.76433739863719,0.593817084811697,0.80723737996971,2.75685864747331,0
"246",246,14.4354585168825,0.347232041406577,0.619299707581881,0.628807796486823,0.414030949457496,2.14175632236774,2.53560727152402,4.19261779546144,0
"247",247,17.2351199358194,0.458375016093893,1.28912241151249,0.955622102101617,0.695067107680489,2.92852170813246,1.60473395367201,3.35953394130651,0
"248",248,29.6381977490356,1.22199386282912,1.0414471649598,1.24810019083531,0.274937181459981,3.18857055203147,3.21867971123473,4.37241211792494,1
"249",249,12.3802134753937,0.535839166661594,0.891581568584188,0.645217833078604,3.01688301179425,0.85987444711575,1.3318288444862,0.282199394272551,0
"250",250,40.2273749613961,1.62636027041837,0.997286326584785,1.89129765628686,0.374011026280786,0.313443353599292,0.476277730459831,1.24171769703417,1
"251",251,29.441568342406,2.23997459292859,1.21909736294858,1.23338990430959,0.552007075779269,1.44956863161678,2.09061458750324,0.602365096267716,1
"252",252,18.1807228309568,0.205005127463451,0.507851196191461,0.2371757300717,0.765558564999568,0.607587327511709,0.466127083486793,1.07889487570247,0
"253",253,31.7183543403859,2.86963390404206,1.34254912092118,1.44262298432158,1.5929587855033,2.32683911698154,3.92209746283007,0.939308251505103,1
"254",254,45.5281039965354,2.22547236939113,1.56662103747542,1.47504317725657,1.3082956528315,0.692293642195404,1.11091260203779,2.62167280829632,1
"255",255,17.1658615330612,1.04927786513787,0.805587398053935,1.35244526481896,1.61416554586605,2.38280733385772,1.61623932468005,0.160772812406702,1
"256",256,42.0497966815044,1.12990566790999,1.89264113011295,1.26949635990842,1.2277779576806,0.176967387733908,0.698063210588532,2.2012728254208,1
"257",257,14.9864679838394,0.440145143876362,0.753887690553623,0.495444028110601,0.445822115920416,2.85575573040455,1.0235497162837,1.03039144131582,0
"258",258,40.5958414502311,2.49932255697551,1.48814572020656,2.62254421854915,2.53988049661131,1.53849498321853,1.00326803417669,4.69772275741561,1
"259",259,37.9240387205025,1.1507993440909,0.951758904482724,0.904442658229771,0.821809985888307,0.374123239546765,0.729902991099428,1.1705542659993,1
"260",260,28.9532380405732,1.07183477131189,0.999242006674432,1.6059371578706,3.01161080761932,0.354511192799211,0.458331867678412,0.524296378097313,1
"261",261,20.5743344582931,0.423722714525338,0.626016162752659,0.178285705097288,0.590545547758511,0.0632470933667953,0.193709180680311,0.465172710078676,0
"262",262,32.3455198710252,1.29108865457628,1.07703015407575,1.1818137016214,0.638816644019567,1.27805064596114,1.16856109605286,0.942604076575939,1
"263",263,12.8364229466172,0.31426941129874,0.671076246313619,0.703047653262193,0.672977919247996,0.903220474267584,1.39539650847657,0.332436175306718,0
"264",264,24.9718438804333,1.07468127784183,0.969301789464684,0.88929481554341,0.986312161867256,1.53774488612796,0.866103606736052,0.0950590026469016,1
"265",265,18.883604432668,0.191462028945657,0.396274874608937,0.182182487908867,0.527203256066484,0.155492533428664,0.178438622398636,0.686302210620238,0
"266",266,22.2397119351967,0.688531266303325,0.874685031004283,1.12661910324374,1.13943872326235,2.40910346233217,1.46079308129329,1.48886286764835,0
"267",267,3.93965501779064,0.144858131988262,0.405544672019022,0.162225650717807,0.783139697944206,1.10902515266068,1.47205966637533,0.21723121885673,0
"268",268,17.165540622868,0.552391710116267,0.608188974361309,0.467377591813596,1.67242096314037,0.472997736789046,0.530493425657641,0.766355822759534,0
"269",269,12.4069899840955,0.387445439457288,0.599090736857187,0.728156408060335,1.42375868182308,0.365424952263467,0.459603867752878,0.203385741284845,0
"270",270,33.1862674320715,1.17198077984477,0.922903101173254,1.07886119422414,1.22256518743663,0.735209774681974,0.628131957420703,0.88810777391026,1
"271",271,9.70338227377728,0.26028449030189,0.482964719169699,0.22256785808886,2.68239271532442,0.161510002866386,0.233265335997038,0.141358910451375,0
"272",272,30.8690682250412,3.80538156155789,1.53766708435663,2.50292653366532,2.14855264042657,1.4713822544671,1.78280784319624,0.354931253521818,1
"273",273,7.69413333441052,0.349526431997211,0.80717852352545,0.902409877143,0.543652974225093,3.39522476853073,3.30823314445276,0.514408879323581,0
"274",274,15.21540301987,0.553761723944875,1.09460343525828,1.09109026734825,1.61196554019052,2.69270704330231,2.64218963072533,1.8948465400816,0
"275",275,31.4658763104018,3.94783717763534,1.61246930688289,1.71215021057679,1.18189563302252,1.03887838964659,0.473163334950325,0.273020557515351,1
"276",276,32.3519394858095,1.19257679252759,1.06602972137037,2.32598980266255,0.921245955042514,1.24980147474075,1.55576300656816,1.22969850819582,1
"277",277,11.4684194604812,0.609435953365087,0.771305394990384,0.543522954687298,0.280735313548167,3.14605515243352,1.31357893791753,2.18163819645562,0
"278",278,34.7550303147215,1.39804283552614,1.72381102699738,2.11743341534458,0.483045903346321,0.435610427473192,0.647668081844553,0.991639912760726,1
"279",279,34.1370211227688,2.68434764005284,0.860013638258214,1.11622439994224,2.46336055654783,0.804245228898265,2.27598901411924,1.12495518467498,1
"280",280,38.4616423632557,4.55944542197018,1.58776044775467,1.71004031536337,1.58288118386286,1.5426220018591,1.35382767235419,1.78601795942573,1
"281",281,23.2145796867324,1.18507418602833,1.38663878686502,1.24345132606598,0.686876464115509,3.31285516301534,1.88230092507449,1.357780746168,1
"282",282,7.98030476668632,0.151455623216771,0.310815860924681,0.150632236483394,0.690899463434443,1.23236574920861,0.52104970280116,0.19322372997034,0
"283",283,15.2317148717898,0.256807291244016,0.437069261495511,0.115132726980192,0.589994246286041,0.634082799321591,0.967520077071164,0.426059768560516,0
"284",284,5.05943243782053,0.258877078202083,0.604359089015138,0.226715228546776,0.956155512708565,3.04738018153311,1.00420293101917,0.50300599921869,0
"285",285,31.1458856417531,1.20129626014312,1.18027917203325,0.706922237031152,2.53322053542157,0.628743200641302,1.70831761261794,0.320888734792873,1
"286",286,16.1104364200022,0.191709787615088,0.392697231522223,0.161293524018679,1.08790352596829,0.602579013663287,1.1562052921272,0.388681156547488,0
"287",287,28.4982457604,0.806469309061195,1.02794901603384,1.87900836453144,1.29448586356143,0.610884066233939,0.913017020499586,1.71241061055791,0
"288",288,22.0493655364289,0.403366179071849,0.561258960342084,0.554086634157948,0.60090265420213,0.399767753514969,0.505702505960871,0.859496723659578,0
"289",289,19.0825922841158,0.755386549148372,0.833344509351854,0.692606967238926,1.16687270690748,0.413447887096996,0.233818101599146,0.399831974929634,0
"290",290,42.2749255552287,2.76575739208223,1.19410607751472,2.47907405182865,1.70292869217962,1.259001182557,1.49610743574434,2.55411866987763,1
"291",291,14.7371592085201,0.251826330985829,0.379928899439075,0.133059851276304,0.97116043078742,0.981005526035602,0.714932659817648,0.565990510268387,0
"292",292,15.6235602198596,0.666799156879989,0.513332851312218,0.232762005934731,0.0921503844723655,1.59693801641563,1.27540170919922,0.514386110239174,0
"293",293,17.3057050820947,0.491999945804614,0.574491972044966,0.412690955346193,0.470182153366602,0.760593973130767,1.37340999749112,0.682837284670903,0
"294",294,14.389936614102,0.12734584434663,0.404985665642241,0.119515423132843,0.381145696624236,0.990229799633776,1.78511795213662,0.821421934083913,0
"295",295,35.1676942467383,1.68723326927908,1.24346192830424,1.52771868224751,0.6063751845896,0.856408043656693,0.71531520037442,2.65260311978695,1
"296",296,23.2525192162261,1.532098012603,1.09410796566098,0.809471040455506,1.48545232265698,4.08662327918034,2.57724924389737,0.613932350792583,1
"297",297,32.3113885395924,1.25593225169331,1.01310341975536,0.861711010374596,0.642177749869413,1.03121120608601,0.441806814690711,0.951748273125194,1
"298",298,38.9219475654811,2.96553911415928,1.06642976714181,1.89745028857543,1.0927667419739,0.857567820585251,0.641155758953028,0.768748358057766,1
"299",299,32.0973054127839,1.30986330413863,1.29249320496418,1.11022718211791,0.593245691726423,1.76849058974029,0.677616806756097,2.14346947299981,1
"300",300,5.66099776498852,0.585168636843417,0.834731332430327,0.859758724005071,0.696705716271509,3.60063734651673,2.32995718507899,0.230378276750851,0
"301",301,24.0317184131251,0.581464891766326,0.766354859153745,0.51100959523015,1.59069685465722,0.304692689666177,0.879824324062396,1.12041208817999,0
"302",302,12.7709444846227,0.87453726826323,1.19891901885619,0.797621621735122,3.31060749142614,2.22676206151141,2.57245520176862,0.621278848675982,0
"303",303,13.2584408283997,0.115192020282865,0.288529637457746,0.0844480305720118,1.0443845047606,0.866153985224193,0.115201154973212,0.180226346338302,0
"304",304,40.1990102221569,1.05586150925543,0.709920257859489,1.30552490422049,0.484858171821891,0.362571831878431,1.1552962968589,2.95063360567808,1
"305",305,18.1764565316253,0.473667415966917,1.23337876189745,1.07872574308836,0.966576990999746,0.443067969565341,0.34479289155637,0.227389233650683,0
"306",306,25.3141244922016,0.717052086955618,0.961439770718426,0.60653391495704,1.46300362011782,1.02348481023074,0.815114122156064,2.13571224454414,0
"307",307,16.0256783883739,0.913227895307169,0.924734601574621,0.633590316286241,2.42582285640653,0.784464418013306,0.758147575002592,0.236075259474145,0
"308",308,14.1523043957182,0.738623388753815,0.797223248837026,0.75621940197478,4.62776296810958,0.123024713380515,0.189438295938916,0.138053046268302,0
"309",309,18.163769246162,1.13546258973284,1.36417837460478,0.883204282859417,2.15013487760392,4.42335132190691,0.730598409384326,0.924616140012376,1
"310",310,21.3299879079105,0.889128161574072,0.905365748214771,0.935470663765689,0.972835936480244,0.635101252882658,0.833712785741805,2.11083615602573,0
"311",311,24.7217577314757,0.900048785363187,1.12467038022826,1.27828313305887,2.11579247716678,0.770972745267884,0.794163095297395,2.61404516987501,0
"312",312,14.9352847427756,0.32686407101235,0.861185701288326,0.695034244189803,0.612070280697842,1.41522597308767,1.24066598938151,0.43048060495015,0
"313",313,40.1169586952303,3.97920300591149,2.14248116922501,3.61853964864923,1.86245025918659,1.099690656295,0.865464910065559,1.88892377449326,1
"314",314,10.287846891496,0.352750950635268,0.6486012947177,0.366197099493028,0.277813013475329,3.32323576597549,1.05266579001363,1.70810625286816,0
"315",315,33.1269302410992,2.25207936260238,1.12007024421131,1.65433426175326,4.11667337799349,2.42467287541288,0.864348262076676,2.63885423745449,1
"316",316,27.8524317210564,1.30824120324788,1.26260249508782,1.6706977477235,1.04065811308048,1.73248746657437,1.54169341453451,0.706419677340097,1
"317",317,14.2394470473379,0.162347788221771,0.395830484009865,0.265490181073187,0.450775066577585,0.885855533216516,1.9866811837788,0.341801399365206,0
"318",318,14.647257016014,0.12298229801697,0.366562834548728,0.161617440828042,0.766614021934112,0.624514157608887,1.07613230543671,1.10796856041085,0
"319",319,21.7724827736906,0.394207506751635,0.795896286051304,0.290986785218125,0.317627299874706,0.266228650291939,0.505199182547818,0.876011851478087,0
"320",320,14.0586058736723,0.109516711052853,0.429193098973554,0.19711760918605,1.06865993448016,1.24087039424561,1.21567348665451,1.15014810732047,0
"321",321,35.9397176388865,1.1274579756235,0.876788268805572,1.47223484902652,1.31186760866298,0.617541781451865,0.674441493691586,0.494923274443618,1
"322",322,9.51234272119259,0.72411819819689,1.13875544364028,0.661338727363733,1.32480722584628,0.574112748931703,0.591377675273319,0.0426858323174818,0
"323",323,42.22879042942,3.54229862539556,1.68281006088881,4.36042609979352,0.761194821556862,1.88817850368335,0.660915763752908,2.17132333858929,1
"324",324,24.132318478597,1.23508098974497,1.39186498084906,1.32803139223541,0.797611317147793,2.87879418225877,1.33875490986379,0.666353162170762,1
"325",325,35.7752835616156,2.79398958402375,2.09468340787671,3.14090573304898,0.873567613962348,1.31015324831101,1.93173933384153,0.931535543459286,1
"326",326,20.7245778801874,0.660206637027638,1.12399957654614,0.264968401660067,1.92365832713701,0.468178108406144,1.26955811298992,0.848044962208354,0
"327",327,17.1959271533098,0.483075101250127,0.794690560406694,0.374907624677892,0.910944653905673,0.483603486319734,0.244738755776987,0.443897979798513,0
"328",328,36.8220746615724,1.18231790086711,1.33826324374919,1.540606005836,1.16739554245935,1.33231444142294,1.41675432649936,1.89520721301449,1
"329",329,35.3351443650685,1.76380567241705,1.30279000042537,1.20799722243592,3.20967393166563,1.29261856534044,1.27026036516445,1.25047843283966,1
"330",330,25.9961837719668,0.506285267999168,1.30319458417596,2.83065007330791,0.556442493154424,0.245809997515971,0.198043240629583,0.972150878691613,0
"331",331,34.845275908405,1.14003591334961,1.069424086156,1.55689323185088,0.972386569971892,0.304388249420975,0.440692182347185,0.880081358131168,1
"332",332,12.659094628924,0.326116877879689,0.743658338235191,0.243875606904243,0.78300343234053,1.30593176759245,1.65980254285289,0.238134900870298,0
"333",333,19.0779791864965,0.314622884703246,0.745985339953406,0.515841304057428,1.70981008240228,0.25046483762815,0.487952078050025,0.847312512137692,0
"334",334,15.9917979726931,0.600213346330278,0.661337685703553,0.344770913809017,1.34792059707434,1.86387211478745,2.01070400455865,0.771135096609961,0
"335",335,21.0630526407065,0.732985412189799,0.85155215692954,0.531518153607587,0.668536545077348,0.629332660366301,0.315069974889989,0.932500880461597,0
"336",336,21.004507751545,0.742757506622353,1.05964387795275,0.37832429762595,0.57937657483437,0.844844146332956,1.50946194629371,0.549275925203506,0
"337",337,40.5388770319991,3.0606065590033,2.12374479342995,3.17464355166455,1.98346152336477,0.252280590672973,0.533764017395815,0.734845872610162,1
"338",338,12.6934023948244,0.301485090734726,0.587302274565391,0.241226116347157,0.484510269022525,1.22339841051118,0.785353002462614,1.24331509619004,0
"339",339,29.1074791772178,1.44076526757602,0.923539214859102,1.00512402333676,0.846198003818636,3.39215959018488,2.45019147768334,2.33121849170705,1
"340",340,15.2689845539577,0.412503522278508,0.856032966058997,0.590730263672441,0.407084786629933,1.23766354555532,0.411007380125054,0.321211169633405,0
"341",341,46.538457133595,4.2625331559338,1.0858196663968,2.57790402380061,3.25382866381178,0.284753468866905,0.898877619973162,1.23281463621819,1
"342",342,14.3279066094627,0.502035221025491,0.788950835319618,0.685348007323709,1.4662422706073,1.04808199705647,1.1025443299856,0.29316767936692,0
"343",343,39.9274256797511,1.15225053132547,1.3499153070434,1.08496698818717,0.215758793879951,1.03819708445119,1.6456502938744,4.28276429958578,1
"344",344,2.9530304354646,0.395489823865461,0.37992614805196,0.175193514065152,0.324835146310851,3.55937641445433,2.26087035506564,0.424612243134738,0
"345",345,13.4808842710996,0.31040213198145,0.659592670894695,0.711900066138931,0.525138669050424,1.08726078329509,0.577151736608613,0.290269368319921,0
"346",346,31.8500297891427,1.02327365501994,1.16221377055985,0.685688170223352,0.875116998350385,1.58707121896038,0.65120559640253,1.2774269799497,1
"347",347,24.4692450434236,1.42989294824348,1.01371887618332,0.879695349245386,2.0707224980037,3.43744067722598,1.72373942832901,1.19987356066957,1
"348",348,39.4698625410093,3.29158650084425,1.28547107090639,3.11501737669566,1.06562874793427,0.514990389090599,0.687822884494425,0.767693633022226,1
"349",349,18.6425999091194,0.318823109592503,0.605154105271219,0.251189933518279,0.583142346073546,0.396215910497354,0.490512754174246,1.30442570154197,0
"350",350,20.5771907584056,0.846297545294614,0.93175879215783,2.28037601265876,1.28855586921707,0.912662503228877,0.52437805807588,1.22009032000081,0
"351",351,21.8013621602481,0.859976815471595,1.53357185613976,1.24640938924999,0.633026223783382,0.444979649506726,0.496493369867899,0.416075247741335,0
"352",352,25.6577158200312,1.122971131013,1.454026303413,1.56420069437794,2.76669303033535,1.31901020399554,0.555158736505078,0.48157472553712,1
"353",353,27.0936082065447,0.891436801344153,1.18852125669701,0.720427551931804,0.42361201388384,0.84642383759398,1.76404966181383,1.39797026126722,0
"354",354,13.5633728566294,0.689303237619364,0.708545070531939,0.796669659759172,1.00224110818038,1.18665659319734,0.487353101951063,0.271226427733883,0
"355",355,12.0487342756009,0.892738476091448,1.12859918119898,0.84686566253329,1.08588088896794,1.46701251069772,2.93128876705892,0.13475060950792,0
"356",356,29.6982928358961,2.70011377603219,1.13497569537863,1.90996349218335,1.6718465101355,0.268283407086343,0.321554812260041,0.157013373012201,1
"357",357,35.1469617321017,2.03149896868597,1.61118655807585,2.07509048839275,1.53257476153576,0.250315343483918,0.1322212731855,0.319997620683135,1
"358",358,44.7420927642571,2.09555201558944,1.43834885896709,1.19298415964264,0.376418065419637,0.632294842806258,0.437986598981217,1.50313177536371,1
"359",359,14.1423873140726,0.755028015306151,1.02171083437267,0.72465829819227,2.22995930774755,0.368837633398129,0.532659128169404,0.246734408390801,0
"360",360,15.2153123892018,0.603826902189945,1.19396618888946,0.666078183776028,1.76500269960196,0.803050111902964,0.988856146430345,0.269438976181057,0
"361",361,14.7902261475247,0.338266676861349,0.685038466364671,0.324434356314168,0.342943951326782,2.67527564529773,2.40233443028661,1.66562057210164,0
"362",362,44.9157409791315,3.86710640518977,1.84818220160663,4.13419249355711,2.62246938401905,0.709159677252418,0.666684854943745,1.93494631934424,1
"363",363,14.8229752458087,0.919320860174402,0.733568545952735,0.632823334956139,0.784084801647928,2.94361062624481,2.41514246509029,3.50658175627884,0
"364",364,21.9935854192238,0.974393015724307,1.07513155624884,1.40656699865293,0.521760885097527,0.495428728212032,0.702207117829654,0.65226578476805,0
"365",365,25.0783922713399,0.370106640240145,0.612454582249586,0.406108513899278,0.780396444804505,0.153765103160252,0.300131203292195,1.33421305598555,0
"366",366,43.2917858272073,4.61619833473898,1.88070420884292,3.91330259639162,0.705590812701364,0.429950955204427,0.949425652430043,0.520183036450974,1
"367",367,18.4258122126658,2.98725751565481,1.3793237491939,3.27845772448167,0.631712684020589,4.39974324354875,1.11906719375492,0.210513803097053,1
"368",368,16.0257434080976,0.450696928986729,0.836019736622945,0.305696653135651,1.40615036036163,1.28177174893813,1.72290696199994,0.781193742585294,0
"369",369,31.7320110400489,1.76172511300224,1.644728757572,2.22491529353249,0.793659423768075,1.27782491169287,1.19219035072148,0.697646211162925,1
"370",370,24.4383268006835,1.3633218941138,1.07251137857726,0.755031822976434,1.07281746039302,3.05558179002421,2.03041124366469,0.97024239774887,1
"371",371,39.448516909898,1.25896212189576,1.08820791744371,0.632999447509749,0.853059875563693,0.860169548603013,2.07675515491845,3.13399575518084,1
"372",372,10.4753596018797,0.120449455552952,0.430103382212672,0.155577466259007,0.170659837325107,0.596616603371944,0.848353000251405,0.19002789949165,0
"373",373,14.6157491341833,0.749275660602733,1.06866272026989,0.997804479685882,0.988635500172318,0.347408973168319,0.865984428421469,0.131994690790815,0
"374",374,13.941387571158,0.126644282068337,0.453769059276663,0.285412064395607,0.832582625949906,0.201199897037918,0.638463539102425,0.65047031245662,0
"375",375,5.84142380494107,0.861251985639102,0.913251592577077,0.847497397843106,0.528331704931712,2.27137089578874,1.5493074550612,0.156627831928986,0
"376",376,25.1594318832223,0.502010163888717,0.945831200955054,0.610960207125337,1.78059538216038,0.457331844021657,0.46547071750051,1.32014421126315,0
"377",377,4.80142849176312,0.508146893935628,0.604042754076061,0.496281549092123,0.824448047092487,4.96802730143376,4.50617575406617,0.148251630930741,0
"378",378,38.2703058220868,1.47841904161979,1.46853744398898,1.68861217584246,1.22569356814485,0.500692203283862,0.975087776216187,1.7611482774779,1
"379",379,20.6428146864019,0.557013334444295,0.525222091844042,0.402491114927656,0.937595860609711,0.222850014945148,0.299677939920448,2.68281750690511,0
"380",380,33.8077787149222,1.27811729691275,0.935978499862599,0.9781672252594,3.24901368215329,0.760940791180549,1.04493764633099,4.8645945053397,1
"381",381,45.829417181671,3.22069345405614,1.28449654830699,1.56258346170822,1.16066900488815,0.101658643330959,0.166328644215483,1.36860471314512,1
"382",382,38.0881001079201,2.53438344159377,1.32912149444209,2.19265473990167,4.12927069853957,0.3519862064237,1.26209529064501,1.39749486779523,1
"383",383,36.419756693405,1.0727640783029,0.751732281601964,0.484338445717076,0.513643942222295,0.183581912755794,0.475996219933194,0.448105170588363,1
"384",384,33.249797284243,1.56496633395529,1.86907362007118,1.36908914722417,1.3380212894643,1.05236829348161,1.06628661848028,0.426883063631464,1
"385",385,12.6117325968544,0.480594941408424,0.734226383703072,0.437246757294151,0.874878138239058,1.828750325523,0.920970600242778,0.434736885048324,0
"386",386,36.5229459979249,1.29718571895493,0.915044996636037,0.640018301863505,1.28965270464032,0.385112471106855,0.322938877625626,1.5524386938,1
"387",387,41.6704224644781,2.6836223770732,2.29522261484342,3.24341809148272,3.52696664633972,1.22933802472778,0.573262148815685,1.51811309301733,1
"388",388,38.4948442469895,3.968807145888,1.38787774039811,1.36742672365476,1.54052146369585,1.86387786660827,1.6491971400828,1.05053832068976,1
"389",389,10.156987370651,0.190952111227818,0.382602970510262,0.325495552822394,0.396399426192127,2.74707755565544,3.54913580546705,0.811492170891767,0
"390",390,5.79593980517961,0.446696821309353,0.481564121957197,0.373848036355483,0.379983105973451,1.27569331424411,1.07250604987651,0.104416205204592,0
"391",391,26.6762019215413,1.36754024254595,1.33834702789258,1.80339947468527,1.63975483441556,2.4593297454283,1.00874925118193,0.782427167902463,1
"392",392,17.0121574673525,0.364416180102959,0.580028939867597,0.412497908428601,0.820725087227842,0.66286170499466,0.218677046585924,0.435923840549255,0
"393",393,27.6226647449187,1.36012071071304,0.965355585734756,1.71385510961179,2.07031227092169,1.30631617956526,0.641495742726005,0.458090308958224,1
"394",394,26.7378486949572,1.45212745192865,1.31177177224007,1.89930371234686,1.85370667032135,1.69450560175685,1.57972308263288,0.317429991165267,1
"395",395,19.4919810409172,0.209261565452109,0.504674568360929,0.330240496979208,1.82592271872062,0.376435616976142,0.560048941805337,0.787385799960214,0
"396",396,14.0298079593766,0.959227630259746,0.721765457513739,0.588447701993143,1.46884555077081,1.58985282953433,2.09326392267264,1.35847110776333,0
"397",397,17.7627174631996,0.221188024402769,0.531110169923747,0.38545288558998,0.612211729629091,0.265908919680366,0.336661839238941,0.385662422629041,0
"398",398,30.9712314767614,0.797334841507386,1.14736770197222,0.914320673589967,0.674005352698583,0.301800131989769,0.324829539237315,3.09208841974138,0
"399",399,32.8688330158532,1.03389031441873,0.859483256954366,1.25945890676871,1.50808544387457,0.693149276516578,2.19992885292525,3.13111189534542,1
"400",400,23.2252744491284,1.48806707029442,1.32587029885377,0.665872050973119,0.369586006661469,3.09691386672953,1.0335351177491,1.19598505987375,1
"401",401,15.3652393885167,0.297699708221816,0.669907810143616,0.471758739359401,0.850049416254253,2.54580135275963,1.18111337964013,3.38815946999496,0
"402",402,23.6564136697266,0.907744846608715,1.14072616012325,1.88782814580794,0.61129326047906,1.7318711699611,3.68456158074037,2.20876354363132,0
"403",403,12.0604504923488,0.0481945777748834,0.241950385081089,0.10628696482441,0.369713683079914,0.712302284333069,1.71209277324951,0.169245603906401,0
"404",404,11.5684567046468,0.312757025540507,0.504027904150861,0.470944283214893,0.882588217816004,2.27658204540666,1.29940868152996,1.55556382270426,0
"405",405,13.7358591048792,0.533281900255206,0.671151479445699,0.50167540461285,0.884884328552774,1.5809128665594,0.554677038342965,1.00324746684818,0
"406",406,29.4415221901154,1.07808692500765,0.849805850675269,0.97361841296838,0.94629663470434,0.258675240965606,0.385060745280782,0.520237910941636,1
"407",407,19.7688481443234,0.869550395056133,1.35551868334431,1.41303223066766,0.638183916441238,1.18717339421464,2.30769399555065,1.81378321933932,0
"408",408,8.3510634041142,0.988450295622237,1.23966093900907,0.827844433159293,0.959787857607614,2.68486907257334,3.12898227389526,0.174262204306492,0
"409",409,18.6576759633208,0.381444355307084,0.817603414208741,0.562934732171327,0.948623942545684,0.381493498233048,0.545305102901251,1.13547271886904,0
"410",410,23.226359721214,0.305002968045258,0.475487119351925,0.298563349446183,0.441084230647028,0.540706266007872,0.547306191338873,2.04487002285957,0
"411",411,45.6331251812283,4.68718275060602,1.75223801054015,4.51552883268712,2.15079878057202,0.555954839140346,0.895263840670463,1.41008732821594,1
"412",412,13.0014342152425,0.391990494928728,0.590265267596058,0.242126288582195,0.997082740768794,0.720916489126014,0.86051508364669,0.340634753365623,0
"413",413,10.1610566115234,0.204790253451104,0.651066281760549,0.153517059360316,0.52463028781277,1.063229103005,0.924733638053343,0.350950302104552,0
"414",414,37.2066982868791,2.98745639123996,1.73193564575028,2.45926161607885,0.460438724588035,0.755428631531247,0.795883834544792,0.708554263673918,1
"415",415,11.6143030875322,0.404878823454839,0.577829985689743,0.434012604594425,0.147247199206544,2.11403029000783,1.35769024093538,1.14491366217139,0
"416",416,33.2240725736091,1.14515141773146,1.26809091810405,1.37415990277852,1.37592723032224,0.42388208632355,0.415643530345413,1.49552402384051,1
"417",417,16.8771827262491,0.77047150101406,0.739348754043134,0.287257210222269,1.09881876937282,2.38828038330065,4.16150161398241,0.469555194185211,0
"418",418,36.760162154915,3.63748787072508,1.69086811577068,2.15625850823118,1.96174886416158,0.270304796903417,0.460324431815919,0.259724049438213,1
"419",419,15.6428470310022,0.856843356764737,0.821408411552789,0.65010982235225,0.937096569406686,1.55509600195096,1.29172823512187,1.46449116927958,0
"420",420,19.2170586479919,0.937830184114251,1.30868767713896,0.990509951605633,0.744838064924089,0.577555150171216,0.657076990717932,0.304120162899463,0
"421",421,12.8929278002784,0.663457783163185,0.600019660323157,0.370866325822934,0.238584401765625,0.97819632932047,0.413688114103006,0.498333306795363,0
"422",422,24.5670744222737,0.898771623083398,0.919896338903666,0.651258414250442,0.970940912365428,0.84766103146789,1.79202084480789,2.89437325661354,0
"423",423,10.2059060383732,0.221881497098897,0.426007903869308,0.339671255539343,0.602936872513779,0.828932160003614,1.26198680592847,0.278015542302309,0
"424",424,34.6039166619854,2.73679735800647,1.58678344258941,2.02940495239682,0.735722144272853,0.955354274670362,0.617489257950728,0.209942555896344,1
"425",425,11.142045193539,0.466058572343008,0.533119153038885,0.615440728060575,1.9441609837301,0.300909528864321,0.211080593528016,0.0485984160417408,0
"426",426,39.2553759099609,2.28472869058117,1.53267076536189,2.56254699710921,2.27560946243855,0.400346913788436,0.591330417755234,1.03987153856365,1
"427",427,11.5847045374437,0.910748226646833,0.839395252768986,1.08712753116409,3.40357341662454,0.473467874151811,0.2912117202204,0.0600631397824718,0
"428",428,10.2732295936351,0.890620059151719,0.86199128151884,0.625565800073128,0.65727611582764,4.59161870864587,3.7458031418929,0.331354673505832,0
"429",429,36.0963875200558,1.45092675104269,1.39387200031295,1.18298611216529,1.13369908516985,1.24643843102669,1.73026375730702,2.86272531861308,1
"430",430,18.6398239157489,0.789395727331403,1.17651365264554,1.24007611057328,2.0995379359085,0.412687537045606,0.445679637502292,0.523007169160074,0
"431",431,18.7998978291073,0.301184748032532,0.547566411165371,0.175388389959384,0.447488254608187,0.902308406323082,0.336883033878541,3.22501618874913,0
"432",432,5.54555392443254,0.175558604138744,0.47221847834411,0.296079249456837,3.01694990162629,0.62772110234992,1.05825100971705,0.178473895816464,0
"433",433,13.7692278436612,0.361788255039367,0.680867448262561,0.316308827695062,1.51812468400816,0.921560125815704,0.348672163182228,0.582314124755063,0
"434",434,34.3994610614486,1.6079952369193,1.36818618103146,0.80459834382505,0.634026183050493,0.651597440590887,1.31828159409659,0.579488548581202,1
"435",435,20.3901797029086,0.990639422979506,0.939919516613682,0.587169032127326,0.446477648255901,0.484240826558381,0.261649954985094,0.787035212175596,0
"436",436,11.8006595597738,0.11896909927928,0.352575922057095,0.195754631254087,0.268747878462983,0.664957855637399,1.19786776117629,0.231430876612262,0
"437",437,31.2287061466805,1.52873993747893,1.2076489045648,1.02979356546681,1.37997734347859,1.02975634710147,0.498286542793079,0.577177953446817,1
"438",438,23.3311939275834,1.57361462289986,1.54300120039634,3.11475198428322,1.70097135609405,3.04839328247839,1.85181520924594,0.156040381588339,1
"439",439,42.9170017764129,1.80328044085771,1.39032514447716,1.08351965453672,2.10047220392843,0.491913354428743,0.566960717663776,2.12904592841143,1
"440",440,23.7915477534236,0.991569107848626,0.802216830355621,0.666563080340724,0.507397432712102,0.72524898765789,1.21181877282693,1.73090890687797,0
"441",441,9.89213150842092,0.460777843889622,0.790652960478095,0.317164887320667,1.21535689793111,0.179468775440946,0.307554698954785,0.191463492755922,0
"442",442,26.2930640955807,2.01933063608307,1.25691408467563,1.71180142062533,2.38491224721994,0.508520431257972,0.952775890960337,0.170627082283999,1
"443",443,11.4522930794443,0.576001146478066,0.927561112998968,0.588635498422628,1.3505994719645,2.89578729360608,1.70679983037083,0.88245156938284,0
"444",444,32.8724702940406,1.38333557797378,1.49499161114307,1.79572786795542,0.827053593705429,1.0756063885503,0.80585120040715,0.775763649879292,1
"445",445,34.1734404948191,1.21934621806611,1.00977631373787,1.00625793977927,0.981356342706774,0.275750900387479,0.332155376551947,0.511594366426721,1
"446",446,14.4462907111097,0.352798778106299,0.712002204098893,0.350871082894425,0.608085168741899,0.297152306254741,0.560036226598367,0.270191851831655,0
"447",447,19.3925120284169,0.399422323594415,1.05481824359602,0.959888502209508,1.54101796157136,0.686939668155024,0.723719347062778,0.454718326216258,0
"448",448,26.3774473075432,0.824241808279751,0.959158617018924,0.985912031588632,0.652140043894593,0.633275035385811,0.429844933971782,1.75899308751515,0
"449",449,11.6781991765589,0.634436709351659,0.892096185692532,0.922170894605091,0.899247755054952,1.16032218763973,0.429953817066926,1.00299681484426,0
"450",450,31.5922999879126,1.7257773994078,1.19614914934496,1.21181533901004,0.922519181030408,0.688856685748346,3.36565320496778,0.473900739765093,1
"451",451,53.0127919042048,4.18916778522671,1.01624809914015,1.74911893127497,0.152162266942225,0.483758810365416,0.738519893044596,2.53402385072556,1
"452",452,14.1537971505593,0.485556371707015,0.816396621451123,0.697504837165507,0.443863884690554,0.333589395271842,0.245410605049384,0.219988739238183,0
"453",453,40.183627437015,1.63559062296795,1.26500943210847,0.92117123184677,1.27244752792159,0.0666479135786211,0.147431181197027,1.51098700407739,1
"454",454,38.555674560686,2.07628725065333,1.40099803895178,1.78070147718133,0.729834407429991,1.18592303708663,1.60518918985098,1.43705250036572,1
"455",455,48.9624118544633,4.28202459432038,1.90008244487497,4.04444791170628,2.16886904094166,0.234266162701339,1.1498390883934,3.17252574531862,1
"456",456,40.9740068797499,2.50757634749574,1.3487350701593,1.63419031334033,0.820196360970905,0.32590438282825,2.57697665114074,1.09587836975966,1
"457",457,27.9030442963382,1.10287012247344,1.2145589717391,0.844243692162138,1.59049031246583,0.95630324204376,2.52128026877504,0.438473962238754,1
"458",458,14.6177930240456,0.844788841912253,0.577040231594635,0.725444842994036,1.0567319427588,0.298102216969494,0.275883064374376,0.350354771009936,0
"459",459,12.0245872330177,0.846246022720049,1.02039996600108,1.6297739259128,1.25619129513789,1.71363600480053,1.13847377594392,0.826997243490289,0
"460",460,20.5458228220683,0.341036158184747,0.604609434995106,0.339484345201072,0.359178360109308,1.29610108956095,0.76770794258182,1.54530443047891,0
"461",461,17.9393255783773,0.363410500009011,0.526519859609597,0.273100281541235,1.11856134299209,0.84159932849081,0.817529925701037,0.450675328063257,0
"462",462,22.0117727902336,0.964326301031924,0.940685226964852,1.08261388681907,1.29910607339667,0.650154921079349,0.947658615880968,0.823053828178363,0
"463",463,15.0283410183409,0.98683098947,1.20986291384521,0.949706841770746,0.364425367338441,2.35543763608693,4.50192942761357,0.804330482100312,0
"464",464,11.5730310530238,0.65661202579884,0.922672752773279,1.12617239733788,1.02164792733846,3.24612725167838,2.54389485912255,0.691051059641148,0
"465",465,30.588682973418,2.2341030000955,1.30734485851233,1.79487599618854,1.50401224965484,1.21697739022451,0.506979872913436,0.278586074352763,1
"466",466,10.9096107188222,0.104683979711481,0.332933126883848,0.121443470220332,1.00597740559616,0.813002007144476,0.458669288853042,0.464021826167369,0
"467",467,39.9846393889645,2.49739929429228,1.66173052134447,1.36855844621379,3.80182622483856,0.751938984470844,0.535640026246431,1.52711770133266,1
"468",468,23.9279448627583,0.562861142085734,0.974787354257123,1.43358861990302,0.435675716730982,0.498303551219786,0.493338684778884,1.41813263295719,0
"469",469,7.92419023754177,0.694161486967337,0.782972021859145,0.487097128640481,0.77992671387869,3.56816795239717,2.69868075570887,0.495153388691322,0
"470",470,21.3754615716418,0.673034794172138,1.09923287727542,0.919274426306247,0.602284140141476,2.21723461883854,3.70943234471924,1.33938646432888,0
"471",471,41.7507619184165,4.4467658492356,1.41824725952823,3.25794932104721,1.39640686072848,2.83495694460225,1.47938237099699,3.41170620485349,1
"472",472,28.5535420555548,1.66786967888016,1.67614623466645,1.66889832544373,3.55699624995434,1.45092574556401,1.06938279855167,0.574873064684867,1
"473",473,17.0380014220125,0.271613264421824,0.922343698630599,0.540755671196673,0.937822876793536,0.640278281424112,1.66651007893945,1.12753670489137,0
"474",474,39.825817259386,1.33374369905655,1.87167040425824,1.74384255888282,3.21403855164784,0.0775626181569785,0.0787292113922711,1.32629170803667,1
"475",475,27.3057954943402,1.62835322476856,0.939864057603554,1.14670253127041,0.53841968753996,1.73756027553514,0.965178866921762,1.65161854303324,1
"476",476,33.6777678433431,1.55683835839028,0.896709341650071,1.12405760498887,1.04769338468727,0.564494674269541,1.46546050223755,0.888280364285572,1
"477",477,15.9834699277861,0.634970882640657,0.650960829708276,0.626171847797839,0.316789514915418,1.57629903668524,1.15454954980068,0.520218200206528,0
"478",478,31.827172490875,3.01611552699064,1.69321976552181,3.29713641189794,1.78522767988975,3.04513591323086,1.37992213307592,1.84796822347186,1
"479",479,11.4372049022148,0.46609930758226,0.690397481709739,0.604147936146097,0.426136548979216,0.0568816038109313,0.105787053300767,0.0728727632327053,0
"480",480,21.27139658885,2.91710575046742,1.64595852355926,3.72254804647229,2.18734646704414,1.36292546941929,2.19704801247545,0.10547720115959,1
"481",481,7.26763089324416,0.170931389748923,0.392750352284849,0.169970649191355,1.57273343644513,2.20122357185214,2.8536949837605,0.187952741476179,0
"482",482,9.09830841554447,0.181103734827106,0.353652650105559,0.144019360761034,0.878681996721912,3.26939488834498,3.33588102042709,0.808491708572014,0
"483",483,21.7870342044371,1.60790303752139,1.06209144144965,1.20718876860864,0.745157329026551,2.60656691851702,1.45968362961869,0.311703500738154,1
"484",484,44.2966701093143,2.23987189014298,1.28096059650355,2.41682814741442,1.81908811913615,0.896080533090185,1.08232752364855,3.92591115865267,1
"485",485,6.80082832277838,0.137105918173481,0.363523724664547,0.225668018106429,0.280457975932701,1.79998131404265,1.79252359719991,0.322452452741784,0
"486",486,8.83133177547767,0.165894586470512,0.41177767642951,0.190217921636809,0.861878725481767,0.198242649138072,0.1823624462668,0.0887410867377094,0
"487",487,27.3390273060313,1.00989771392233,1.01809688336215,1.44731793281822,0.755738728137399,1.92941391898171,0.891776682203241,1.09736729841788,1
"488",488,15.6929234774369,0.462948903741248,0.585277178407595,0.342003656199937,1.04587632143876,0.383384328469205,0.455606434160274,0.277508272234536,0
"489",489,21.7424592994772,0.578678705375532,0.747979053036773,0.495754312022024,1.89817079801991,1.04227305479132,0.856628039330177,3.42581527519366,0
"490",490,36.7590939836374,2.92593261943696,1.81382480877098,2.99052221757935,2.52113911918332,1.51934335382227,0.525687460245973,1.84107145116618,1
"491",491,9.34395372178435,0.0662569720508853,0.268796259114211,0.0725486905801875,0.949928805306111,0.790452079224157,0.599482276969667,0.203457414800957,0
"492",492,21.0427827698727,0.809118584767596,0.869041970982574,0.65979709426433,0.852904412700688,0.141527942978156,0.245813618558211,0.556889499930469,0
"493",493,25.3598055597521,1.50323368925464,1.27054534653889,1.4286904139936,2.98980150646522,0.214273712927153,0.0904932948882549,0.119409534041821,1
"494",494,35.9638523129095,1.60963707837906,1.10064107831278,2.2174983921265,1.69439194001219,0.673790301011084,0.502415614027226,1.71766235435494,1
"495",495,31.2099736905144,1.81162697849584,1.19459526869269,1.93571972083808,1.92019305883235,1.36914491693452,0.647378489897108,1.26933827407575,1
"496",496,30.8237777308221,2.07693115487592,1.37252275570022,2.2495102228286,2.86356576117016,0.852312939948363,0.805577881769346,0.671476860253565,1
"497",497,13.5263091662757,0.491498175856294,0.561453329025616,0.422573060695069,0.767227740854057,3.3174411420475,0.938449749655267,0.567098364956214,0
"498",498,37.8488192760222,2.25348107743113,1.38803377306801,2.04204507274614,1.62149776538617,1.04353535945534,0.592411006723053,1.25825181126288,1
"499",499,24.2696873878035,1.16675983947047,0.715318864746599,0.983282450650739,1.05361876985363,0.424356726187896,1.06604799864558,0.28658375356842,1
"500",500,17.3553982658733,0.0944524968626915,0.346433136890716,0.0845049858636319,0.0720292560355834,1.16441552905057,0.75161242045115,2.26949000020689,0
